{"fps": 1595.0039069162622, "gazebo_fps": 58.399375, "cpu": 28.85, "ram": 7.019594192504883, "gpu": 6.0625}