{"fps": 906.5912077201709, "gazebo_fps": 43.193333333333335, "cpu": 59.46875, "ram": 55.368750000000006, "gpu": 10.105}